variant_id	chromosome	base_pair_location	effect_allele	other_allele	p_value	odds_ratio	95%CI	beta	standard_error	effect_allele_frequency	extra	ci_lower	ci_upper
rs2777888	23	49898000	A	G	3.7899998e-15	NA	NA	NA	NA	NA	NA	NA	NA
rs2271960	23	49878078	T	C	6.7739999e-15	NA	NA	NA	NA	NA	NA	NA	NA
rs2681780	23	49897830	T	C	7.9089999e-15	NA	NA	NA	NA	NA	NA	NA	NA
rs2271961	24	49878113	T	C	8.5320002e-15	NA	NA	NA	NA	NA	NA	NA	NA
rs2681781	24	49898273	A	G	8.6420002e-15	NA	NA	NA	NA	NA	NA	NA	NA
rs2246832	24	49881134	A	T	2.1080001e-14	NA	NA	NA	NA	NA	NA	NA	NA
3_49790682_G_C	3	49790682	C	G	3.4320000e-14	NA	NA	NA	NA	NA	NA	NA	NA
rs7648987	chr3	49868455	A	G	4.8070001e-14	NA	NA	NA	NA	NA	NA	NA	NA
rs9821675	CHR3	49902544	A	G	5.0390000e-14	NA	NA	NA	NA	NA	NA	NA	NA
